page,note type,lender,max principal,maturity date
1,first,EverBank Reverse Mortgage LLC,"$470,250.00",2087-07-14
2,first,"Mortgage.Shop, LLC","$132,750.00",2091-07-31
3,second,the Secretary of Housing and Urban Development,"$330,000.00",2087-11-12
4,second,the Secretary of Housing and Urban Development,"$168,000.00",2092-07-21
5,second,the Secretary of Housing and Urban Development,"$,",
6,first,EVERBANK REVERSE MORTGAGE LLC,,
7,second,the Sccretary of Housing and Urban Development,"$303,000.00",2089-11-29
8,first,EverBank Reverse Mortgage LLC,"$517,275.00",2093-09-02
9,first,EverBank Reverse Mortgage LLC and its Successors and assigns. Secretary means the Secretary of Housing and Urban Development,"$196,500.00",2090-08-09
10,second,EVERBANK REVERSE MORTGAGE LLC,,2021-06-16
11,first,"PACIFIC REVERSE MORTGAGE, INC, /OBA FINANCIAL HERITAGE",,
12,first,"METLIFE BANK, N.A.",,
13,first,EverBank Reverse Mortgage LLC,"$187,500.00",
14,second,the Secretary of Housing and Urban Development,,2093-04-23
15,second,the Secretary of Housing and Urbar Development,,
16,first,EverBank Reverse Mortgage LLC,"$135,000.00",2092-04-30
17,second,the Secretary of Housing and Urban Development,"$348,457.50",2090-01-13
18,second,the Secretary of Housing and  Urban Development,,
19,first,,,2021-05-02
20,second,the Secretary of Housing and Urban Development,,2087-10-05
21,first,"ACADEMY MORTGAGE, LLC",,
22,first,"METLIFE BANK, N.A.",,2087-06-10
23,second,the Secretary of Housing and Urban Development,,
24,first,"METLIFE BANK, N.A.",,
25,second,the Seeretary of Housing and Urban Development,"$190,500.00",
26,second,the Secretary of Housing and Urban Development,,
27,second,the Secretary of Housing and Urban Development,,
28,first,EverBank Reverse Mortgage LLC,"$135,000.00",2092-04-30
29,first,,,
30,first,EVERBANK REVERSE MORTGAGE LLC,,
31,first,"Liberty Reverse Mortgage, Inc.","$286,500.00",2091-09-07
32,first,"First Reverse Financial Services, LLC, A Subsidiary of Family Federal Savings of Illinois","$180,000.00",2088-04-22
33,first,"WILMINGTON SAVINGS FUND SOCIETY, FSB",,
34,second,the Secretary of Housing and Urban Development,"$255,000.00",2090-04-26
35,second,the Secretary of Housing and Urban Development,"$544,185.00",2094-01-26
36,second,the Seoretary of Housing and. Urban Development,"$300,000.00",2021-06-25
37,second,the Secretary of Housing and Urban Development,,
38,first,"METLIFE BANK, N.A.",,2087-06-10
39,second,the Secretary of Housing and Urban Development,,2021-06-25
40,second,the Secretary of Housing and Urban Development,,
41,first,"METLIFE BANK, N.A.",,2087-06-10
42,second,the Secretary of Housing and Urban Development,,
43,first,"THIS is cent \ PY PACIFIC REVERSE MORTGAGE, INC. /DBA FINANCIAL HERITAGE  ATRUE ANO D",,2087-10-05
44,first,"PACIFIC REVERSE MORTGAGE, INC. /DBA FINANCIAL HERITAGE",,
45,second,the Secretary of Housing and Urban Development,"$353,400.00",2093-05-05
46,second,the Secretary of Housing and Urban Development,,
47,second,the Secretary of Housing and  Urban Development,,2088-08-12
48,second,the Secretary of Housing and Urban Development,"$180,000.00",2088-04-22
49,first,,"$353,400.00",2093-05-05
50,second,the Sceretary of Housing and Urban Development,,2092-06-06
51,first,,"$412,800.00",2091-11-22
52,second,the Secretary of Housing and Urban Development,"$544,185.00",2089-03-19
53,second,EVERBANK REVERSE MORTGAGE LLC,,2021-02-24
54,second,the Secretary of Housing and Urban Development,,2095-06-30
55,first,EVERBANK REVERSE MORTGAGE LLC,,
56,first,BNY MORTGAGE COMPANY LLC,"$165,000.00",
57,first,EVERBANK REVERSE MORTGAGE LLC :,,
58,first,ACADEMY MORTGAGE LLC,,
59,second,the Secretary of Housing and Urben Development,"$495,000.00",2091-10-29
60,first,EverBank Reverse Mortgage LLC,"$363,375.00",2096-09-10
61,first,EverBank Reverse Mortgage LLC,,2090-03-21
62,second,the Secretary of Housing and Urban Development,,
63,second,the Secretary of Housing and Urban Development,"$472,500.00",
64,first,EVERBANK REVERSE MORTGAGE LLC,,
65,first,EVERBANK REVERSE MORTGAGE LLC,,
66,first,"METLIFE BANK, N.A.",,2089-06-09
67,first,EverBank Reverse Mortgage LLC and its Successors and assigns. Secretary means the SECRETARY OF HOUSING AND URBAN DEVELOPMENT,"$160,500.00",2095-01-22
68,first,ACADEMY MORTGAGE LLC  [Property Address],,2086-11-01
69,first,EVERBANK REVERSE MORTGAGE LLC,,
70,first,EverBank Reverse Mortgage LLC,"$517,275.00",2093-09-02
71,first,"PACIFIC REVERSE MORTGAGE, INC. /DBA FENANCIAL HERITAGE",,2084-10-28
72,first,,,2093-05-05
73,second,the Secretary of Housing and Urban Development,"$348,457.50",2090-01-13
74,second,the Secretary of Housing and Urban Development,,
75,second,the Secretary of Housing and Urban Development,"$470,250.00",2083-07-15
76,second,the Secretary of Housing and Urban Development,"$348,457.50",2090-01-13
77,first,EverBank Reverse Mortgage LLC,"$135,000.00",2092-04-30
78,first,"EverBank Reverse Mortgage LLC and its Successors and assigns, Secretary means the Secretary of Housing and Urban Development","$354,000.00",2095-06-21
79,first,"ACADEMY MORTGAGE, LLC",,
80,second,the Sccretary of Housing and Urban Development,"$279,000.00",2091-11-20
81,second,the Secretary of Housing and Urban Development,,2081-05-25
82,second,the Secretary of Housing and Urban Development,,2094-04-19
83,second,the Secretary of Housing and Urban Development,"$544,185.00",2078-10-21
84,second,"the shed, of Housing and Urban Development","$244,500.00",
85,first,"PACIFIC REVERSE MORTGAGE, INC, / DBA FINANCIAL HERITAGE",,
86,second,the Secretary af Housi ig and Urban Development,,
87,first,"Pacific Reverse Mortgage, Inc. DBA Firta Heritage","$502,500.00",2081-03-13
88,first,"AMERICAN HOME BANK, NA",,
89,first,"METLIFE BANK, N.A.","$300,000.00",
90,first,"METLIFE BANK, N.A.","$198,000.00",2087-06-10
91,second,the Secretary of Housing and Urban Development,"$309,000.00",2089-12-09
92,first,"METLIFE BANK, N.A.",,
93,second,the Secretary of Housing and  Urban Development,,2091-01-19
94,first,EVERBANK REVERSE MORTGAGE LLC,,2021-06-30
95,second,the Secretary of Housing and Urban Development,,2021-07-13
96,second,the Secretary of Housing and Urban Development,"$424,500.00",2093-10-15
97,first,FEDERAL MORTGAGE AND INVESTMENT CORP,"$544,185.00",
98,first,ACADEMY MORTGAGE LLC  and ils successors and assigns. Secretary means the Secretary of Housing and Urban Development,,
99,first,"METLIFE BANK, N.A.","$300,000.00",2095-06-25
100,second,,,
101,second,the Secretary of Housing and  Urban Development,,2081-09-28
102,first,By. EVERBANK REVERSE MORTGAGE LLC,,2087-04-20
103,first,,"$,",
104,first,EverBank Reverse Mortgage LLC,"$439,027.50",2090-04-16
105,first,"Pacific Reverse Mortgage, Inc. DBA Financial  Heritage","$240,000.00",2092-11-26
106,first,EverBank Reverse Mortgage LLC,"$397,500.00",
107,second,the Secretary of Housing and Urban Development,,
108,first,"METLIFE BANK, N.A,",,2021-06-25
109,first,EverBank Reverse Mortgage LLC,"$465,000.00",2092-09-29
110,first,EVERBANK REVERSE MORTGAGE LLC,,
111,second,the Secretary of Housing and Urban Development,,
112,second,the Secretary of Housing and Urban Development,,2086-03-25
113,second,the Secretary of Housing and Urban Development,,2095-06-30
114,first,"METLIFE BANK, N.A.",,2021-03-05
115,second,,,2092-02-06
116,second,,,2089-06-09
117,second,the Secretary of Housing anc  Urban Development,,
118,second,the Secretary of Housing and Urban Development,"$253,500.00",2092-02-06
119,second,the Secretary of Housing and Urban Development,,2089-03-23
120,first,EVERBANK REVERSE MORTGAGE LLC,,2021-10-02
121,second,the Secretary of Housing and  Urban Development,,2091-01-19
122,second,the Secretary of Housing and Urban Development,,2085-01-13
123,second,the Secretary of Housing and Urban Development,,
124,second,the Secretary of Housing and Urban Development,,
125,second,the Seoretary of Housing and Urban Development,,
126,second,the Secretary of Housing and Urban Development,"$196,500.00",2090-08-09
127,second,"AMERICAN HOME BANK, NA","$472,500.00",
128,first,EVERBANK REVERSE MORTGAGE LLC,"$165,000.00",
129,second,EVERBANK REVERSE MORTGAGE LLC,,2093-08-14
130,first,BNY MORTGAGE COMPANY LLC,,2021-04-16
131,first,EverBank Reverse Mortgage LLC,"$279,000.00",2091-11-20
132,first,"AMERICAN HOME BANK, NA",,2096-06-28
133,first,"WALUE FINANCIAL MORTGAGE SERVICES, INC",,2094-08-07
134,first,"The Mortgage Network, Inc.","$132,000.00",2093-02-19
135,first,EVERBANK REVERSE MORTGAGE LLC,,
136,first,Citizens Mortgage Corp.,"$172,500.00",2092-10-14
137,second,the Secretary of Housing and Urban Development,"$300,000.00",2095-06-25
138,second,the Secretary of Housing and Urban Development,,2093-08-09
139,first,,,
140,second,the Secretary of Housing and Urban Development,"$274,500.00",2088-09-03
141,second,,,2083-09-01
142,first,EVERBANK REVERSE MORTGAGE LLC,,
143,first,"PACIFIC REVERSE MORTGAGE, INC. /DBA FINANCIAL HERITAGE  *","$124,500.00",
144,second,the Secretary of Housing and Urban Development,"$544,185.00",
145,second,the Secretary of Housing and Urban Development,,2021-02-06
146,first,"METLIFE BANK, N.A.",,
147,second,,,2096-02-18
148,first,"METLIFE BANK, N.A.",,
149,second,the Secretary of Housing and Urban Development,,2091-05-15
